feature_set,f1_weighted_mean,f1_weighted_std,auc_ovr_mean,auc_ovr_std
MEL_only,0.5698185941043084,0.13388371142780564,0.6853174603174603,0.16563360865308915
MEL+Wavelet+ARIMA,0.5106349206349206,0.19746414532093357,0.6596031746031745,0.1657937077814912
STFT+CQT+Wavelet,0.6017460317460317,0.18638624871825243,0.7691269841269841,0.1080264564517638
