t_start_sec,t_end_sec
0.13968253968253969,0.14965986394557823
1.017687074829932,1.1473922902494331
1.1573696145124717,1.1773242630385488
2.2648526077097504,2.274829931972789
2.2848072562358275,2.2947845804988662
2.3446712018140587,2.3945578231292517
2.454421768707483,2.4643990929705213
2.4843537414965984,2.494331065759637
2.5043083900226755,2.5142857142857142
